Seth,Consequat Nec Mollis Industries,(0115) 619 7332,Maecenas.ornare@Aeneangravidanunc.net
Hilel,Commodo Hendrerit Corp.,07440 596073,cursus@liberoIntegerin.org
Quinlan,Sed Pharetra Felis Inc.,0500 978525,ut.dolor@disparturient.edu
Francis,Libero Proin Foundation,0500 503024,congue.a@vehiculaaliquetlibero.ca
Philip,Fringilla Cursus Purus Limited,07624 587738,fringilla.euismod@ipsumdolor.net
Cadman,Non LLC,(011595) 07734,penatibus.et.magnis@utnullaCras.co.uk
Isaac,Adipiscing Limited,076 8263 8443,lacinia@nibhDonecest.com
Lionel,Sem Nulla Interdum Inc.,(024) 8931 1048,dapibus.quam@risusDonec.org
Laith,Convallis LLP,0845 46 49,urna.Nunc.quis@ullamcorperviverra.edu
Dane,Ultrices Posuere Cubilia Inc.,0800 1111,egestas.nunc@libero.co.uk
Brent,A Corporation,0950 827 3293,sagittis.felis.Donec@mollisIntegertincidunt.net
Nissim,Dolor Quisque Associates,07624 215572,Nulla.eget.metus@ultricies.com
Wallace,Arcu Morbi Company,0845 46 40,mattis.Cras@fringillaest.com
Bernard,Molestie Consulting,070 3635 3181,orci.sem@quam.edu
Noble,Tortor Integer Aliquam LLC,(0116) 282 4433,dolor.egestas.rhoncus@leo.net
Bruce,Ipsum Incorporated,(012261) 69556,vestibulum.nec@luctusCurabituregestas.org
Aladdin,Blandit Company,(01306) 99579,congue.a@morbitristique.net
Alexander,Facilisis Vitae LLP,0845 46 48,vulputate@feugiatmetussit.ca
Evan,Felis Corporation,07030 402141,auctor@velturpis.ca
Matthew,Lectus Consulting,0316 814 0584,odio@Aeneaneuismod.co.uk
Brennan,Semper Dui Inc.,0500 163706,quis.urna.Nunc@Vivamuseuismodurna.net
Aidan,Ac Company,0918 593 4983,ultrices.Vivamus@necorciDonec.co.uk
Ezra,Justo Industries,(01251) 76528,ante.blandit@a.co.uk
Rafael,Sit Amet LLC,076 5599 8189,sit.amet.risus@eratVivamus.edu
Raja,Ac Facilisis Facilisis Company,07624 779618,blandit.enim@scelerisquescelerisquedui.org
Benedict,Diam Pellentesque Habitant PC,0800 1111,Ut@amet.edu
Ferris,Donec At PC,(01236) 739951,consectetuer@eu.edu
Cruz,Amet Ornare Lectus Ltd,07833 410219,sapien.gravida.non@Nullamsuscipitest.edu
Joseph,Nec Limited,056 1321 9927,rutrum@ante.ca
Keegan,Blandit Associates,(0117) 380 5744,lacus.Quisque@ligulaAeneaneuismod.edu
Ivan,Sit Ltd,076 8415 2935,nec@ut.edu
Scott,Sapien Company,07937 255948,tincidunt.aliquam.arcu@Integervitaenibh.org
Philip,Sollicitudin Commodo Incorporated,0800 664001,in.tempus@velit.org
Ferris,Ut Limited,(011961) 14857,cursus.a@euismodetcommodo.com
Alvin,A Limited,056 3967 9082,consectetuer.euismod@etmagnis.co.uk
Porter,Id Magna Foundation,07624 837848,ac.mattis@sed.com
Marsden,Neque Vitae Semper PC,(01774) 716044,Suspendisse@dolorFusce.ca
Kirk,Nostra Limited,0800 151648,dignissim.lacus@nec.ca
Owen,Ac Fermentum Inc.,(01001) 789818,tortor.at.risus@Duisdignissim.com
Carl,Tempor Lorem Foundation,056 0134 1040,adipiscing.elit.Curabitur@mifelisadipiscing.com
Marvin,Mauris Vestibulum Neque Limited,0319 256 1644,dui.semper.et@massa.edu
Walter,Quisque Nonummy Ltd,0985 254 0677,ornare.sagittis@nislelementum.org
Dennis,Mi Institute,0500 085826,consectetuer.adipiscing@Quisquelibero.com
Xander,In Molestie Tortor Inc.,0845 46 42,turpis@diamSed.org
Dennis,Cursus Vestibulum Mauris Corp.,(0151) 288 2472,Etiam@estarcuac.ca
Kasimir,Enim Company,076 5391 9914,ipsum@Vestibulumanteipsum.co.uk
Finn,Scelerisque Dui LLC,070 2027 8235,vitae.orci@utnisi.org
Wing,Erat Vitae Ltd,070 1798 4582,lorem.luctus.ut@Class.ca
Solomon,Eu Metus Institute,056 5678 5149,fermentum@et.ca
Brendan,Nunc Ut Erat LLC,(01373) 51937,Nulla.tempor@aliquetsemut.net
Logan,Nam Ac Industries,(01447) 85357,erat.Etiam@Aliquameratvolutpat.org
Brett,Duis Institute,056 5356 3556,Proin.dolor@sodalesMaurisblandit.co.uk
Elton,Posuere Vulputate Lacus Associates,0800 199428,Fusce.mi@perinceptoshymenaeos.ca
Conan,Nulla Facilisis Corp.,(025) 2831 7334,convallis.convallis@adui.edu
Wang,Est Tempor Incorporated,(01653) 034363,ante@sitametultricies.com
Callum,Nunc Mauris Foundation,07273 389571,accumsan@velitin.edu
Preston,Elit Incorporated,070 3464 1496,tempor.diam@seddui.net
Chase,Diam Dictum PC,07624 834235,eu.elit@vitaerisus.co.uk
Hashim,Gravida Inc.,076 3775 9369,sagittis.placerat.Cras@tinciduntaliquam.org
Devin,Elit Pharetra Foundation,07624 075242,sociis.natoque@eunequepellentesque.ca
Demetrius,Proin Nisl Corporation,07262 693937,urna.et@sociisnatoque.com
Brady,Dis Parturient Foundation,0500 234731,erat.volutpat@imperdietdictummagna.net
Elijah,Fermentum Risus LLC,(019052) 83136,nisl.Nulla@velsapien.net
Jesse,Vitae Mauris Sit Foundation,0845 46 44,Ut@nonummyFusce.com
Damon,Eu Erat Semper LLP,0800 096 0253,Etiam@egetvolutpatornare.org
Harper,Donec Egestas Foundation,0800 1111,Pellentesque.ut.ipsum@Morbisitamet.edu
Jordan,Lacus Vestibulum Lorem Foundation,(01498) 065480,odio.Phasellus@Pellentesquetincidunt.edu
Fulton,Eu Tempor Institute,(027) 0020 8981,augue.eu@adui.com
Cain,Maecenas Foundation,07853 448997,tempus@a.net
Jonas,Donec Feugiat Metus Consulting,0365 425 3939,sodales.purus.in@Etiamligulatortor.co.uk
Colorado,Fermentum Fermentum LLC,076 5952 5705,pede.Praesent.eu@lacusNullatincidunt.org
Jin,Ligula Aenean Gravida Industries,076 2092 0884,scelerisque.neque@rhoncusProinnisl.co.uk
Lucius,In Aliquet Lobortis Industries,(016977) 0621,auctor.velit@acnulla.com
Ciaran,Condimentum Donec At Corporation,0800 090 9585,congue@aliquet.com
Erich,Integer Sem Elit Incorporated,(012244) 13391,vel.est@urna.org
Eagan,Quis Urna Corp.,0800 765 1657,mattis.semper@aliquam.ca
Tobias,Euismod Est Arcu Inc.,(0171) 486 6670,Vivamus.nisi.Mauris@ullamcorpereu.ca
Emery,Lacinia Mattis Integer Ltd,07624 746747,Nulla.tempor.augue@sitamet.edu
Erasmus,Et LLC,070 7017 6305,elementum.at@convallis.co.uk
Ivor,Elit Sed Corporation,(0110) 221 9027,Mauris.ut@Donecat.com
Porter,Faucibus Orci Luctus PC,070 7595 1480,in.hendrerit@scelerisquesed.com
Brenden,Tellus Nunc Lectus Corporation,0800 617 1094,magna.sed@Integer.net
Lev,Nulla Tempor Augue PC,0899 639 4139,Phasellus.dolor.elit@vulputatedui.co.uk
Evan,Orci Adipiscing Industries,0983 204 1097,semper.egestas.urna@estMauris.co.uk
Bradley,Phasellus Associates,07624 340229,porttitor@Duis.com
Flynn,Est Mollis Non Corporation,07628 802814,cursus.vestibulum.Mauris@rutrumurna.org
Brady,Leo Elementum Foundation,07076 594716,eu@utaliquamiaculis.org
Xenos,Cras Dolor Ltd,(0151) 566 9004,a@IntegerurnaVivamus.org
Daniel,Mi Associates,0800 225 0861,Sed.nec@nasceturridiculus.ca
Philip,Mauris PC,(0131) 243 9443,dictum.mi.ac@vitaeerat.net
Tiger,Nec Luctus Felis Incorporated,0850 541 8749,Proin.dolor.Nulla@hendrerit.co.uk
Kenneth,A Enim LLP,(01491) 01162,penatibus.et@eu.ca
Cade,In Hendrerit Consectetuer Ltd,07615 718019,sagittis@pellentesqueSed.ca
Thane,Leo Consulting,0845 46 42,diam@ametmetusAliquam.net
Ashton,Ac Corporation,(015953) 23923,Aliquam@et.org
Thor,Integer Incorporated,(016977) 5752,neque.sed@tellusfaucibusleo.co.uk
Alden,Lorem Tristique Limited,(016375) 95410,dolor.Fusce.feugiat@nec.ca
Lance,Mattis Cras Eget LLP,0800 142917,Fusce.dolor.quam@quistristique.org
Odysseus,Auctor Velit Eget PC,0353 943 2653,a.sollicitudin.orci@necmollisvitae.com
